First coefficient; Second coefficient; Left value; Right value; Expected result
0.4972032951630474; 0.7163859298264506; 0.33910635261417; 0.853634687242619; 0.7801366750829025
